Campus,Course_Name,Cohort,Unit_Name,Faculty,Email_ID,Unit_Commencement_date,No_of_Session_IDs_created,Total_Students_Participated,Batch_size,Student_adoption_rate,End_Date,No_of_students_who_filled_form,Size_of_batch_when_feedback_taken,Faculty_Avg_Score,AI_Tutor_quality_score,AI_Tutor_impact_score,Avg_Rating_for_AI_Tutor_Tool,Implemented_AI_Tutor,Features_found_useful,Used_Document_Creator,Quizzes_conducted,Quizzes_used_for_grading,Quiz_outcome,Faculty_Feedback
SG,MGB,Jan-22,Unit 1,Prof_Smith,prof_smith@spjain.edu,24-May-2022,17,94,108,88.4117803541003,22-Dec-2022,94,85,4.267640266183752,3.8349609474299617,3.8030647638477517,3.8257252507470354,Y,Quiz Generator,N,3,3,Satisfactory,Very Positive
SG,MGB,Jan-22,Unit 2,Prof_Johnson,prof_brown@spjain.edu,11-May-2022,14,93,148,78.41486362781566,3-Jul-2022,66,102,4.601742676251698,4.46409863450358,4.5878411006018185,4.521624501371345,Y,All Features,Y,8,2,Satisfactory,Positive
SG,MGB,Jan-22,Unit 3,Prof_Smith,prof_smith@spjain.edu,22-Apr-2022,19,85,114,91.66209166888174,13-May-2022,89,120,4.584343554632975,3.9789195068716934,4.090797770250274,4.438245244128771,Y,Quiz Generator,Y,2,3,Needs Improvement,Neutral
SG,MGB,Jan-22,Unit 4,Prof_Jones,prof_johnson@spjain.edu,22-Jun-2022,11,94,102,90.12614501928036,13-May-2022,64,93,4.687076961441209,4.423898056626353,4.489705697790874,3.797677161675797,N,All Features,N,2,2,Good,Positive
SG,MGB,Jan-22,Unit 5,Prof_Jones,prof_jones@spjain.edu,9-Dec-2022,23,117,125,79.04991109284028,5-Sep-2022,91,85,4.482516804793859,4.7472132006333325,3.8681254512830874,3.7239748024114303,N,Document Creator,N,6,4,Needs Improvement,Neutral
SG,MGB,May-22,Unit 1,Prof_Jones,prof_smith@spjain.edu,22-Dec-2022,13,114,148,76.67062974881357,21-Jun-2022,67,98,4.0651948258698365,4.299096076962127,4.749197520273188,4.726194116529472,N,Quiz Generator,Y,4,5,Good,Positive
SG,MGB,May-22,Unit 2,Prof_Williams,prof_johnson@spjain.edu,18-Sep-2022,10,118,120,82.2151427007237,4-Jun-2022,79,95,3.575302716442444,4.765810559124445,4.741644389827793,3.6199148328950304,N,Document Creator,Y,2,5,Needs Improvement,Positive
SG,MGB,May-22,Unit 3,Prof_Williams,prof_jones@spjain.edu,28-Oct-2022,23,93,134,88.88162991589513,23-Apr-2022,79,105,4.793694163659163,4.514865863403399,4.181910092305954,4.224606177449827,Y,Quiz Generator,Y,1,2,Excellent,Positive
SG,MGB,May-22,Unit 4,Prof_Jones,prof_johnson@spjain.edu,1-Feb-2022,11,94,104,92.6355003251532,28-Jun-2022,64,112,3.809406024679694,4.535875556125909,3.9356604881074824,3.685236588215035,N,Quiz Generator,N,6,1,Excellent,Very Positive
SG,MGB,May-22,Unit 5,Prof_Brown,prof_williams@spjain.edu,14-Jul-2022,24,83,143,86.33638720664479,21-Feb-2022,63,105,4.446677664973537,4.680651761947869,3.8201959354692847,3.768226100998316,N,Quiz Generator,N,2,2,Needs Improvement,Positive
SG,MGB,Sep-22,Unit 1,Prof_Smith,prof_brown@spjain.edu,26-Sep-2022,13,83,141,94.98206171031816,27-Jan-2022,65,95,3.716204443785088,4.33420523799579,3.9351220291191,4.061456409569233,Y,Quiz Generator,N,0,3,Satisfactory,Some Concerns
SG,MGB,Sep-22,Unit 2,Prof_Williams,prof_brown@spjain.edu,23-Dec-2022,25,89,112,77.4176956373641,2-Oct-2022,94,83,4.472368228492783,3.862881800198231,4.342595353904868,4.2039905360873195,Y,Document Creator,Y,2,0,Excellent,Positive
SG,MGB,Sep-22,Unit 3,Prof_Brown,prof_smith@spjain.edu,19-Apr-2022,11,119,105,80.48062288339682,19-Oct-2022,93,100,4.715118135057355,4.02468511936589,4.487810980868356,3.8341603336621843,N,Quiz Generator,N,7,2,Excellent,Very Positive
SG,MGB,Sep-22,Unit 4,Prof_Brown,prof_jones@spjain.edu,19-Feb-2022,12,114,113,82.64711735121914,5-Jun-2022,64,95,3.980385215360549,3.973521515592955,4.617119450103788,4.48495589512232,Y,Study Planner,Y,2,2,Excellent,Very Positive
SG,MGB,Sep-22,Unit 5,Prof_Jones,prof_johnson@spjain.edu,9-May-2022,16,101,113,87.18742822003327,28-May-2022,92,111,3.8264576276908624,4.79897495084043,3.755878783028784,4.387998226232872,N,Document Creator,Y,5,1,Satisfactory,Positive
DXB,MGB,Jan-22,Unit 1,Prof_Brown,prof_jones@spjain.edu,23-Jul-2022,10,87,104,93.62627347616598,23-Mar-2022,94,82,4.584973525851821,4.440760523138773,3.862903164124231,3.6784237269949944,N,Study Planner,Y,5,1,Good,Very Positive
DXB,MGB,Jan-22,Unit 2,Prof_Williams,prof_jones@spjain.edu,28-Jul-2022,14,95,110,94.40515082327407,26-Mar-2022,86,81,3.733168862443669,4.816936024765701,4.560625145762395,4.076398433172176,Y,Study Planner,Y,1,3,Excellent,Some Concerns
DXB,MGB,Jan-22,Unit 3,Prof_Johnson,prof_johnson@spjain.edu,27-Aug-2022,21,99,150,91.78307589657521,8-Jan-2022,72,105,3.9267405365570185,4.750788236233316,4.763578014453197,3.89077498981062,N,Study Planner,Y,1,2,Good,Neutral
DXB,MGB,Jan-22,Unit 4,Prof_Smith,prof_smith@spjain.edu,20-Jul-2022,21,100,127,85.15522133265358,17-Feb-2022,84,116,3.747102406852985,3.8488251870845542,4.179663267000469,4.22788848799322,Y,Study Planner,N,1,5,Satisfactory,Neutral
DXB,MGB,Jan-22,Unit 5,Prof_Smith,prof_williams@spjain.edu,17-May-2022,23,100,125,87.43021035485998,18-Mar-2022,72,106,4.3644082644766025,4.217059804834796,4.522948016174779,3.7436382804939217,N,All Features,Y,4,2,Good,Some Concerns
DXB,MGB,May-22,Unit 1,Prof_Jones,prof_jones@spjain.edu,21-Jun-2022,24,108,128,86.8906808297525,17-Aug-2022,70,85,3.8689223264909356,4.530239219935499,4.381186885898613,3.630742080105788,Y,Study Planner,Y,3,1,Excellent,Very Positive
DXB,MGB,May-22,Unit 2,Prof_Johnson,prof_brown@spjain.edu,20-Feb-2022,24,106,140,84.39177248523295,23-Dec-2022,84,111,4.019548721739499,3.962328479600428,4.456384654388572,4.749723756695913,Y,All Features,Y,2,5,Needs Improvement,Very Positive
DXB,MGB,May-22,Unit 3,Prof_Jones,prof_johnson@spjain.edu,28-Feb-2022,24,88,129,86.68944331465883,18-Oct-2022,80,108,4.296448019590292,4.591201357403564,4.255255981306842,4.6627968376099815,N,Quiz Generator,N,7,2,Good,Neutral
DXB,MGB,May-22,Unit 4,Prof_Jones,prof_brown@spjain.edu,21-Apr-2022,18,108,104,87.83862156527641,8-May-2022,81,100,4.660934882627412,3.8886354234234353,3.8659137238143955,4.036249409403873,Y,Quiz Generator,Y,6,3,Satisfactory,Some Concerns
DXB,MGB,May-22,Unit 5,Prof_Brown,prof_smith@spjain.edu,7-Jul-2022,22,117,144,70.48829891844318,25-Oct-2022,84,110,3.507664908659191,4.1869346829390075,4.528822637565324,4.694827130796747,N,Quiz Generator,N,3,2,Needs Improvement,Some Concerns
DXB,MGB,Sep-22,Unit 1,Prof_Smith,prof_brown@spjain.edu,11-Nov-2022,22,90,129,92.9885405167244,20-Sep-2022,61,105,4.269460608316284,4.529299732519777,3.7923422083782006,4.100057877525533,N,Quiz Generator,Y,4,3,Satisfactory,Positive
DXB,MGB,Sep-22,Unit 2,Prof_Brown,prof_williams@spjain.edu,11-Jul-2022,18,106,116,90.87277287280303,16-Jan-2022,94,83,4.799880177061972,4.1849563780922026,4.4151585025748625,4.593726269455253,Y,Document Creator,Y,3,0,Good,Positive
DXB,MGB,Sep-22,Unit 3,Prof_Johnson,prof_brown@spjain.edu,22-Feb-2022,16,109,144,76.40609241405467,12-Mar-2022,98,118,4.752855167331571,4.5901929514556095,4.555571074792976,3.729272134234079,N,Document Creator,Y,4,4,Needs Improvement,Some Concerns
DXB,MGB,Sep-22,Unit 4,Prof_Johnson,prof_smith@spjain.edu,19-Dec-2022,17,86,144,89.3120221237806,28-Nov-2022,98,87,4.535095381580275,4.422525810904047,3.74517604322675,4.245843343434701,N,Document Creator,N,0,3,Needs Improvement,Very Positive
DXB,MGB,Sep-22,Unit 5,Prof_Brown,prof_williams@spjain.edu,21-Aug-2022,14,107,111,88.3448826003348,21-May-2022,99,114,4.507033885483047,4.311361148797959,4.608308058262831,4.329464466689183,N,Quiz Generator,Y,4,3,Good,Some Concerns
MUM,MGB,Jan-22,Unit 1,Prof_Jones,prof_jones@spjain.edu,22-Jul-2022,20,81,131,91.27382090781148,6-Aug-2022,73,102,4.537182063876525,4.174372727480712,4.668351977734048,4.481657250465083,N,Document Creator,Y,1,1,Needs Improvement,Some Concerns
MUM,MGB,Jan-22,Unit 2,Prof_Jones,prof_johnson@spjain.edu,23-Aug-2022,25,108,150,70.43108148370932,10-Apr-2022,85,95,3.898067839169115,4.439711143865604,4.220586537635477,4.2432907036040755,N,Study Planner,N,7,2,Satisfactory,Neutral
MUM,MGB,Jan-22,Unit 3,Prof_Johnson,prof_smith@spjain.edu,24-Apr-2022,20,87,147,83.39659913459374,25-Dec-2022,71,92,3.7813000318421874,4.33261844593398,4.497043501202357,4.86724983203628,N,Document Creator,Y,4,1,Satisfactory,Positive
MUM,MGB,Jan-22,Unit 4,Prof_Williams,prof_smith@spjain.edu,23-Sep-2022,14,97,102,94.35737327756846,18-May-2022,68,120,4.628999556441827,4.339966563976157,4.659991708498388,4.3036899074768655,N,All Features,N,5,1,Excellent,Neutral
MUM,MGB,Jan-22,Unit 5,Prof_Brown,prof_smith@spjain.edu,27-Feb-2022,22,111,104,84.42552891177046,22-Jan-2022,69,89,4.554484699157562,4.844038206593835,3.793698999235853,3.847467337294163,N,Quiz Generator,N,7,3,Satisfactory,Some Concerns
MUM,MGB,May-22,Unit 1,Prof_Williams,prof_jones@spjain.edu,20-Jan-2022,13,93,140,75.27562988263483,22-Feb-2022,70,95,3.7259576128243648,3.8825713557912844,3.7029432948631746,4.130705186464784,N,Study Planner,Y,3,2,Satisfactory,Some Concerns
MUM,MGB,May-22,Unit 2,Prof_Smith,prof_johnson@spjain.edu,9-Nov-2022,16,107,107,83.61405946776446,21-Mar-2022,77,89,3.5928327879125583,3.982515068142797,4.038372993875656,4.548540810897473,N,All Features,Y,7,5,Satisfactory,Some Concerns
MUM,MGB,May-22,Unit 3,Prof_Williams,prof_jones@spjain.edu,18-Aug-2022,24,85,138,70.99651960459033,14-Dec-2022,80,118,3.825478273135605,3.9004595752940836,4.75810221241212,4.670342059468654,Y,Study Planner,Y,2,3,Needs Improvement,Neutral
MUM,MGB,May-22,Unit 4,Prof_Johnson,prof_jones@spjain.edu,14-Nov-2022,25,85,130,78.69902640736626,11-Jun-2022,66,90,3.928744762652655,4.563041041381776,4.017039574897601,4.823270955388495,Y,All Features,Y,5,2,Satisfactory,Very Positive
MUM,MGB,May-22,Unit 5,Prof_Brown,prof_jones@spjain.edu,27-Jan-2022,24,106,103,74.68956353486318,12-Oct-2022,91,120,4.07465324243894,3.8567729527049814,3.993761862100226,3.6834185205306254,N,All Features,N,1,0,Good,Positive
MUM,MGB,Sep-22,Unit 1,Prof_Williams,prof_jones@spjain.edu,1-Sep-2022,23,85,114,94.80642848488048,4-Aug-2022,67,89,4.147888156119354,4.588263658590971,4.259759216576463,3.882794855398584,N,All Features,Y,7,4,Good,Some Concerns
MUM,MGB,Sep-22,Unit 2,Prof_Johnson,prof_jones@spjain.edu,17-Dec-2022,14,84,117,89.31687831692513,28-Jul-2022,81,112,3.847324461986976,3.8028217852944346,4.498656080874886,4.67246629164899,N,Quiz Generator,N,8,3,Satisfactory,Neutral
MUM,MGB,Sep-22,Unit 3,Prof_Jones,prof_jones@spjain.edu,13-Aug-2022,20,92,144,75.97013860415623,13-Apr-2022,86,82,3.9136292254039398,4.320273875264456,4.7047731846015886,4.03372360572599,Y,All Features,Y,2,4,Satisfactory,Very Positive
MUM,MGB,Sep-22,Unit 4,Prof_Brown,prof_smith@spjain.edu,17-Aug-2022,10,89,126,91.77332428373049,5-Feb-2022,90,96,3.940129604266861,4.5619750584455705,4.4148203178372,4.6924714092909685,N,Study Planner,N,8,0,Excellent,Positive
MUM,MGB,Sep-22,Unit 5,Prof_Williams,prof_johnson@spjain.edu,24-Feb-2022,23,86,148,85.84369571951979,28-Feb-2022,88,90,4.402201511631205,4.7937664682555345,3.7505900655449342,4.614600851227097,N,Study Planner,N,6,1,Good,Some Concerns
SG,GMBA,Jan-22,Unit 1,Prof_Jones,prof_johnson@spjain.edu,6-Mar-2022,12,119,124,85.49275921343539,8-Aug-2022,97,89,3.801844977583698,4.501695094103925,4.205527549094404,4.433577004173073,N,Study Planner,Y,1,3,Satisfactory,Neutral
SG,GMBA,Jan-22,Unit 2,Prof_Brown,prof_williams@spjain.edu,15-May-2022,16,104,130,72.66633168555903,13-Oct-2022,82,116,3.8846341072805197,4.569206987505807,3.724133557645522,4.662052586089982,N,Study Planner,Y,0,4,Needs Improvement,Neutral
SG,GMBA,Jan-22,Unit 3,Prof_Johnson,prof_jones@spjain.edu,26-Jun-2022,17,120,112,85.5222790782576,22-Dec-2022,68,120,3.626313108760303,4.490203918598404,3.7433648313568995,4.604054677614216,Y,Study Planner,Y,1,2,Satisfactory,Some Concerns
SG,GMBA,Jan-22,Unit 4,Prof_Johnson,prof_johnson@spjain.edu,5-Sep-2022,21,113,132,92.83717436204242,27-Mar-2022,76,110,4.757599299016856,4.124655594089741,4.657436655257544,4.625925554046315,N,Document Creator,Y,3,5,Needs Improvement,Neutral
SG,GMBA,Jan-22,Unit 5,Prof_Smith,prof_brown@spjain.edu,1-May-2022,13,109,123,86.82070954684384,22-May-2022,97,104,4.569142491594807,4.83432108095751,3.8191807124191537,3.8273506630962166,Y,Study Planner,Y,1,5,Needs Improvement,Neutral
SG,GMBA,May-22,Unit 1,Prof_Brown,prof_smith@spjain.edu,5-Jan-2022,11,99,131,72.90301201812774,8-Sep-2022,68,104,4.089736883955561,4.537534840735189,4.517454133675488,4.824363720091205,N,Quiz Generator,N,1,3,Needs Improvement,Neutral
SG,GMBA,May-22,Unit 2,Prof_Smith,prof_williams@spjain.edu,7-Aug-2022,24,95,123,72.48386561515326,22-Jun-2022,94,102,3.5787151159165913,4.103469584947746,4.765027563530025,4.828615103566992,N,Document Creator,Y,0,0,Satisfactory,Positive
SG,GMBA,May-22,Unit 3,Prof_Johnson,prof_jones@spjain.edu,7-Feb-2022,16,117,113,90.32632452802648,8-Jun-2022,69,118,3.503686216924021,4.744246739018195,3.859156778352559,3.6819889840208115,N,Quiz Generator,Y,0,1,Excellent,Neutral
SG,GMBA,May-22,Unit 4,Prof_Johnson,prof_jones@spjain.edu,11-Jan-2022,15,96,103,73.16896359281951,14-Sep-2022,67,84,4.119119755050225,4.655818743245623,4.264561753370111,3.6526756140053838,Y,Document Creator,N,7,5,Excellent,Very Positive
SG,GMBA,May-22,Unit 5,Prof_Brown,prof_brown@spjain.edu,14-Nov-2022,13,111,145,92.74252072788073,3-Feb-2022,80,118,3.692833973358474,3.9388107471355616,4.386749243709328,4.31951056396737,N,All Features,N,7,4,Needs Improvement,Very Positive
SG,GMBA,Sep-22,Unit 1,Prof_Smith,prof_jones@spjain.edu,24-Apr-2022,23,108,114,80.34533927942283,27-Aug-2022,85,106,4.448496259924855,4.143803184996846,4.043775928256054,3.856845715075891,Y,All Features,Y,1,0,Excellent,Some Concerns
SG,GMBA,Sep-22,Unit 2,Prof_Smith,prof_williams@spjain.edu,26-Mar-2022,11,117,135,84.0420845392432,22-Feb-2022,86,102,4.635689583904614,4.835242855737453,4.1652305413402715,4.782181139361001,Y,Study Planner,N,5,0,Good,Positive
SG,GMBA,Sep-22,Unit 3,Prof_Brown,prof_johnson@spjain.edu,28-Feb-2022,21,115,123,72.8721328382577,9-Oct-2022,74,107,4.598701709726866,4.872001262338279,4.600269545494736,4.3590025927496505,Y,Study Planner,Y,2,2,Satisfactory,Neutral
SG,GMBA,Sep-22,Unit 4,Prof_Williams,prof_smith@spjain.edu,6-Mar-2022,22,84,109,88.5242264779605,1-Feb-2022,93,93,3.9890527274145353,4.299010369740319,3.8731502034295975,3.9362923175859033,N,Document Creator,Y,2,1,Excellent,Very Positive
SG,GMBA,Sep-22,Unit 5,Prof_Williams,prof_brown@spjain.edu,22-Jul-2022,25,118,128,80.35459344706811,7-Sep-2022,67,102,4.058887723417257,4.111571117088494,4.446334880236146,4.181285854709952,N,Document Creator,Y,6,4,Excellent,Very Positive
DXB,GMBA,Jan-22,Unit 1,Prof_Johnson,prof_williams@spjain.edu,7-Mar-2022,18,98,120,72.99960859263872,16-Dec-2022,87,91,3.6679414122869796,4.385840582654167,3.9531217876843256,4.282212994744598,N,Document Creator,N,0,3,Excellent,Some Concerns
DXB,GMBA,Jan-22,Unit 2,Prof_Smith,prof_williams@spjain.edu,19-Jul-2022,22,120,126,77.23788013964395,13-Jan-2022,80,90,4.541718800603588,4.479937789634665,4.615228504378877,4.787677652437939,Y,All Features,Y,3,3,Needs Improvement,Very Positive
DXB,GMBA,Jan-22,Unit 3,Prof_Brown,prof_williams@spjain.edu,24-Jun-2022,17,101,149,74.20331770114217,17-Nov-2022,67,113,4.162937681019864,4.796515004738056,4.0843127920196185,4.518330747943466,Y,Quiz Generator,Y,2,2,Good,Positive
DXB,GMBA,Jan-22,Unit 4,Prof_Jones,prof_johnson@spjain.edu,25-Nov-2022,12,91,149,85.69871930295919,15-Oct-2022,97,108,4.385473521809284,4.770252972252227,4.407291013738723,4.881144726830203,N,Study Planner,Y,7,0,Needs Improvement,Some Concerns
DXB,GMBA,Jan-22,Unit 5,Prof_Williams,prof_williams@spjain.edu,19-Jan-2022,21,112,104,77.76019626515777,15-Jan-2022,63,103,4.5812056211620575,3.8844041012908,4.650675037317763,4.697410720038526,N,All Features,Y,7,4,Good,Neutral
DXB,GMBA,May-22,Unit 1,Prof_Jones,prof_brown@spjain.edu,17-Mar-2022,11,108,106,90.27417028306552,27-Jun-2022,65,112,4.339965218486835,3.843056338820741,4.478383874755607,4.887380431705643,Y,Study Planner,N,4,3,Needs Improvement,Neutral
DXB,GMBA,May-22,Unit 2,Prof_Jones,prof_smith@spjain.edu,26-Nov-2022,20,84,121,72.36264868787735,22-Jul-2022,78,96,4.4408537515032,4.522220495051526,4.696976966880045,4.722591526884755,N,Document Creator,Y,5,2,Needs Improvement,Positive
DXB,GMBA,May-22,Unit 3,Prof_Jones,prof_smith@spjain.edu,10-Sep-2022,22,101,108,86.75290999986807,27-Dec-2022,93,85,4.339832266953534,4.265747002954314,4.098010905981463,4.007636736574862,Y,Quiz Generator,N,7,1,Good,Positive
DXB,GMBA,May-22,Unit 4,Prof_Johnson,prof_smith@spjain.edu,10-Feb-2022,11,101,149,85.4507866373377,20-Jul-2022,69,90,3.7350997573193054,4.5621302049473496,4.387214527949304,4.763718375800214,N,Document Creator,N,5,5,Good,Some Concerns
DXB,GMBA,May-22,Unit 5,Prof_Jones,prof_williams@spjain.edu,25-Dec-2022,24,94,134,75.97921243113798,26-Aug-2022,72,103,4.38179887258462,4.427461332700281,4.184657143859923,4.577213972765806,N,All Features,Y,3,4,Good,Neutral
DXB,GMBA,Sep-22,Unit 1,Prof_Smith,prof_brown@spjain.edu,28-Jun-2022,13,113,107,77.12657535148321,25-Mar-2022,77,108,4.6768980716717135,3.9620835215907646,4.181219816214479,4.824978568216466,Y,All Features,N,0,3,Excellent,Some Concerns
DXB,GMBA,Sep-22,Unit 2,Prof_Jones,prof_williams@spjain.edu,8-Jul-2022,12,103,114,70.70468863820375,4-Dec-2022,81,89,3.678879464043633,4.115567337044595,4.612737741468105,4.474500784006377,Y,All Features,N,0,0,Excellent,Neutral
DXB,GMBA,Sep-22,Unit 3,Prof_Johnson,prof_johnson@spjain.edu,18-Dec-2022,23,87,149,77.20253945098077,10-Feb-2022,63,95,4.045773206879476,4.6732890195033825,4.202824978300094,3.655201053406021,N,Document Creator,Y,2,2,Needs Improvement,Very Positive
DXB,GMBA,Sep-22,Unit 4,Prof_Jones,prof_williams@spjain.edu,8-Oct-2022,23,91,142,86.70537257299087,17-Jun-2022,64,113,4.207306547906443,4.665053569429849,4.258384847712272,3.5284680288034322,N,Document Creator,N,5,2,Excellent,Neutral
DXB,GMBA,Sep-22,Unit 5,Prof_Smith,prof_williams@spjain.edu,8-Dec-2022,13,117,147,88.91697316104893,5-Jan-2022,82,114,3.940111435633611,4.507075177822992,4.613422022439963,4.458555592972577,N,Quiz Generator,Y,1,5,Needs Improvement,Very Positive
MUM,GMBA,Jan-22,Unit 1,Prof_Williams,prof_johnson@spjain.edu,2-Apr-2022,11,100,119,82.88458973136247,27-Sep-2022,90,96,3.5476070029979807,4.511590548680825,4.0147219851067035,4.7069939426569505,Y,Study Planner,N,1,2,Needs Improvement,Some Concerns
MUM,GMBA,Jan-22,Unit 2,Prof_Brown,prof_brown@spjain.edu,11-Mar-2022,25,111,123,93.10776166567409,17-May-2022,65,107,3.602605107872108,4.46269862871325,4.604575407493876,4.263664156282492,N,Document Creator,Y,5,5,Satisfactory,Neutral
MUM,GMBA,Jan-22,Unit 3,Prof_Brown,prof_jones@spjain.edu,23-Jul-2022,15,108,122,81.17824149175642,24-Jun-2022,99,107,3.856921968097315,4.878030007113708,4.742694816463395,3.605057630983423,N,Study Planner,Y,0,1,Needs Improvement,Very Positive
MUM,GMBA,Jan-22,Unit 4,Prof_Johnson,prof_smith@spjain.edu,8-Nov-2022,21,103,124,93.736677796998,2-Oct-2022,69,108,4.733470588045224,4.209214716317752,4.539392918978438,4.303490489667454,N,All Features,N,4,1,Excellent,Very Positive
MUM,GMBA,Jan-22,Unit 5,Prof_Johnson,prof_brown@spjain.edu,17-Jul-2022,13,96,149,76.50724427849758,15-Apr-2022,99,98,4.4021748333530315,4.898491727861168,3.9201961750902323,3.6900197848227383,Y,All Features,Y,7,0,Satisfactory,Neutral
MUM,GMBA,May-22,Unit 1,Prof_Smith,prof_jones@spjain.edu,18-May-2022,19,90,145,87.73909478025966,23-Nov-2022,71,103,4.161382468726591,3.9334987005863025,3.9210784082954544,3.694427620853712,N,Document Creator,N,8,4,Satisfactory,Some Concerns
MUM,GMBA,May-22,Unit 2,Prof_Jones,prof_johnson@spjain.edu,20-Feb-2022,12,99,125,94.98987609835967,24-Aug-2022,93,106,4.499913915487108,4.70567333945923,3.781125784202363,4.8613316241192726,Y,All Features,N,8,2,Good,Positive
MUM,GMBA,May-22,Unit 3,Prof_Johnson,prof_brown@spjain.edu,17-Jan-2022,13,113,109,77.6031135701867,6-Jun-2022,74,102,4.731728077852542,4.370787572744627,4.012453141290896,3.6104038666996914,Y,Study Planner,Y,4,4,Excellent,Positive
MUM,GMBA,May-22,Unit 4,Prof_Jones,prof_jones@spjain.edu,5-Mar-2022,20,116,102,90.6309066831658,1-Feb-2022,62,116,3.844052680182971,4.031889217672161,4.32935092269067,4.365351796854941,Y,All Features,N,4,3,Good,Some Concerns
MUM,GMBA,May-22,Unit 5,Prof_Williams,prof_brown@spjain.edu,3-Dec-2022,11,90,128,80.39054365535287,15-Apr-2022,81,118,3.686769298511425,4.747633584515745,4.051248031911401,4.883232717253926,N,All Features,Y,5,4,Excellent,Neutral
MUM,GMBA,Sep-22,Unit 1,Prof_Johnson,prof_brown@spjain.edu,4-May-2022,24,95,109,72.42029131401429,10-Jul-2022,99,106,3.8227513644955424,4.7518382518927895,3.8756696283431773,3.958410149121673,N,Quiz Generator,Y,7,4,Needs Improvement,Some Concerns
MUM,GMBA,Sep-22,Unit 2,Prof_Williams,prof_brown@spjain.edu,1-Feb-2022,22,112,129,94.16716576381188,7-Oct-2022,82,83,3.5657025260162594,4.344383623877694,4.670573424005021,4.415964051645464,N,Study Planner,Y,1,3,Good,Neutral
MUM,GMBA,Sep-22,Unit 3,Prof_Williams,prof_brown@spjain.edu,12-Jan-2022,22,83,136,84.04542162914859,12-Sep-2022,78,84,4.002253472473712,4.29538981870446,4.304842798469162,4.655435845142059,Y,Quiz Generator,Y,6,2,Satisfactory,Neutral
MUM,GMBA,Sep-22,Unit 4,Prof_Johnson,prof_johnson@spjain.edu,20-Sep-2022,22,112,102,71.13258381167687,5-Dec-2022,81,110,4.175132523433009,3.963834731034089,4.682444861285807,3.6956933800812974,N,Quiz Generator,N,4,4,Satisfactory,Some Concerns
MUM,GMBA,Sep-22,Unit 5,Prof_Jones,prof_williams@spjain.edu,16-Jan-2022,21,101,143,72.74011473728306,14-Oct-2022,79,120,3.534641301452983,4.322049235493567,4.763777765789255,4.59606558800399,Y,Document Creator,N,2,4,Needs Improvement,Positive
SG,MGB,Jan-23,Unit 1,Prof_Johnson,prof_smith@spjain.edu,19-Dec-2023,13,92,101,81.02596415461832,14-Mar-2023,86,93,4.033490632119516,4.6524695319878,4.712573044886931,4.721944792477249,Y,Quiz Generator,Y,8,2,Needs Improvement,Some Concerns
SG,MGB,Jan-23,Unit 2,Prof_Williams,prof_johnson@spjain.edu,15-Sep-2023,20,114,122,86.8967144139092,28-Dec-2023,76,119,4.129434132203038,4.853071135812782,4.006907035513932,3.917898825666412,N,Study Planner,Y,7,2,Needs Improvement,Neutral
SG,MGB,Jan-23,Unit 3,Prof_Jones,prof_williams@spjain.edu,10-Feb-2023,22,105,122,93.86522158478652,26-Mar-2023,78,82,3.873919444098382,4.585555416248235,4.080999865505178,4.11932655661077,N,All Features,Y,3,4,Satisfactory,Neutral
SG,MGB,Jan-23,Unit 4,Prof_Johnson,prof_smith@spjain.edu,20-Dec-2023,17,95,103,86.7458491223276,17-Apr-2023,100,94,3.5682384388913015,4.254631502653084,4.489093861875268,3.640762866688287,Y,Document Creator,Y,6,5,Needs Improvement,Some Concerns
SG,MGB,Jan-23,Unit 5,Prof_Johnson,prof_williams@spjain.edu,11-May-2023,11,85,141,84.35333382938433,18-Dec-2023,62,91,4.043250476918507,4.721365378002581,4.72731487163602,3.550875788897578,N,All Features,Y,4,0,Excellent,Neutral
SG,MGB,May-23,Unit 1,Prof_Jones,prof_jones@spjain.edu,4-Jun-2023,19,109,141,83.58251208892437,16-Mar-2023,92,109,3.85468820594739,4.689695266067322,4.063752506514964,4.5235669273322845,N,Quiz Generator,Y,5,2,Good,Positive
SG,MGB,May-23,Unit 2,Prof_Jones,prof_brown@spjain.edu,27-Jul-2023,20,85,125,86.73139633524886,6-Mar-2023,90,100,4.7165730031018045,3.807513132593511,4.121931829743634,4.125429730529035,N,Study Planner,N,0,2,Satisfactory,Positive
SG,MGB,May-23,Unit 3,Prof_Smith,prof_smith@spjain.edu,15-May-2023,15,105,143,82.56301178095974,23-May-2023,67,120,4.690969501605826,4.124541360171872,4.376087992958234,3.8067800413094814,Y,All Features,Y,7,5,Satisfactory,Some Concerns
SG,MGB,May-23,Unit 4,Prof_Jones,prof_brown@spjain.edu,25-Sep-2023,16,95,143,88.86848874312163,28-Feb-2023,93,108,4.186625061295151,4.197963355376668,4.708969177459073,3.6570923081521785,Y,Quiz Generator,Y,5,4,Needs Improvement,Very Positive
SG,MGB,May-23,Unit 5,Prof_Johnson,prof_jones@spjain.edu,16-Feb-2023,24,83,129,73.29860849552747,14-Aug-2023,96,83,4.226436358698396,4.540044483450107,4.038986520436467,3.530478641050519,N,Document Creator,Y,1,0,Needs Improvement,Neutral
SG,MGB,Sep-23,Unit 1,Prof_Smith,prof_jones@spjain.edu,2-Feb-2023,25,82,118,80.2216733954812,25-Mar-2023,86,103,4.790713578155143,4.22072758073651,4.6565823138417795,4.769474236134402,N,Document Creator,Y,5,0,Good,Some Concerns
SG,MGB,Sep-23,Unit 2,Prof_Jones,prof_johnson@spjain.edu,24-Apr-2023,10,81,119,81.5750975298695,24-Sep-2023,87,114,3.9930594084439317,4.052630473466689,4.206687806403456,3.717169922485274,Y,Document Creator,Y,6,4,Excellent,Positive
SG,MGB,Sep-23,Unit 3,Prof_Johnson,prof_smith@spjain.edu,4-Oct-2023,11,108,138,86.80059092180548,28-Jan-2023,75,82,4.022944956054178,4.057773206336318,3.938996131195309,4.709222339738079,Y,Quiz Generator,N,3,5,Satisfactory,Neutral
SG,MGB,Sep-23,Unit 4,Prof_Johnson,prof_williams@spjain.edu,5-Nov-2023,17,106,119,76.87884801271514,18-Oct-2023,71,120,4.382375160272127,4.411435732582084,3.7515725066477006,3.9821807616816534,N,Study Planner,N,6,1,Satisfactory,Some Concerns
SG,MGB,Sep-23,Unit 5,Prof_Johnson,prof_jones@spjain.edu,16-Apr-2023,17,99,145,73.60879372912946,15-Jan-2023,95,106,4.758122045110614,4.413015434019201,3.847502026164986,3.84000192252542,Y,Study Planner,Y,7,2,Excellent,Positive
DXB,MGB,Jan-23,Unit 1,Prof_Smith,prof_williams@spjain.edu,13-Nov-2023,11,84,112,90.11626544626363,19-Dec-2023,95,93,4.12321246841219,4.756421236676992,4.066260741900703,4.839827664737343,Y,Quiz Generator,Y,1,5,Needs Improvement,Positive
DXB,MGB,Jan-23,Unit 2,Prof_Jones,prof_johnson@spjain.edu,13-Apr-2023,20,98,124,81.65626152114014,21-Jun-2023,79,96,3.967538003375094,4.771093147598244,4.212604473594346,4.62394327054803,N,Study Planner,Y,5,2,Needs Improvement,Very Positive
DXB,MGB,Jan-23,Unit 3,Prof_Jones,prof_johnson@spjain.edu,24-Mar-2023,10,96,135,93.36895625740884,19-Dec-2023,86,98,3.6981348332393864,4.162851814575646,4.117823752215269,4.666707801401779,N,Study Planner,N,7,5,Needs Improvement,Some Concerns
DXB,MGB,Jan-23,Unit 4,Prof_Johnson,prof_williams@spjain.edu,6-Mar-2023,25,91,134,94.75808852199641,2-Sep-2023,62,84,4.7287445445611676,4.535037097732468,4.540772727929221,4.07734911138183,Y,Document Creator,Y,0,1,Needs Improvement,Neutral
DXB,MGB,Jan-23,Unit 5,Prof_Smith,prof_jones@spjain.edu,21-Nov-2023,25,111,101,70.16530892480397,18-Jul-2023,60,81,4.1882429408941455,4.102214810917615,4.775227283055763,3.523999636643398,N,Quiz Generator,Y,1,4,Good,Positive
DXB,MGB,May-23,Unit 1,Prof_Johnson,prof_jones@spjain.edu,17-May-2023,21,97,150,79.92241056245179,12-Jul-2023,89,116,3.8161702624507465,4.566959947708569,4.029972104373916,4.659286910198733,Y,Document Creator,Y,6,3,Needs Improvement,Some Concerns
DXB,MGB,May-23,Unit 2,Prof_Smith,prof_smith@spjain.edu,23-Mar-2023,12,111,127,86.12268104858255,11-Oct-2023,66,113,4.694897880072276,4.052743146811118,4.691400254927043,4.469202797432065,N,Study Planner,Y,1,5,Satisfactory,Very Positive
DXB,MGB,May-23,Unit 3,Prof_Johnson,prof_williams@spjain.edu,1-Apr-2023,14,105,104,77.48192223952157,19-Apr-2023,96,104,4.380145455639687,4.394618674106172,4.122230835491196,4.535643239289007,Y,Study Planner,Y,1,3,Good,Very Positive
DXB,MGB,May-23,Unit 4,Prof_Williams,prof_jones@spjain.edu,25-Oct-2023,22,100,101,85.85307368511837,26-Aug-2023,91,94,3.962554557017602,4.835257129467799,4.175032740863499,4.451572801323422,N,Document Creator,N,3,5,Excellent,Very Positive
DXB,MGB,May-23,Unit 5,Prof_Williams,prof_johnson@spjain.edu,13-Dec-2023,14,104,120,79.01750570285151,3-Jan-2023,79,108,3.9678927465509655,4.0967430875633255,3.8457577049436193,3.762348496939028,N,All Features,Y,0,0,Satisfactory,Very Positive
DXB,MGB,Sep-23,Unit 1,Prof_Jones,prof_jones@spjain.edu,26-Jun-2023,22,80,118,80.34525174420318,25-Feb-2023,95,95,4.243548559974402,3.986541215731558,4.118805225837617,3.6943760825431835,N,Study Planner,N,2,0,Good,Some Concerns
DXB,MGB,Sep-23,Unit 2,Prof_Williams,prof_brown@spjain.edu,10-Aug-2023,12,103,116,93.60555739078485,24-Nov-2023,91,118,4.301669429646527,4.303647796196264,3.849038478248744,3.50947431719566,N,Study Planner,N,5,3,Satisfactory,Some Concerns
DXB,MGB,Sep-23,Unit 3,Prof_Jones,prof_johnson@spjain.edu,10-Jun-2023,16,110,120,74.44093178297851,13-Jun-2023,78,120,4.138309506759733,4.433467209787457,3.9666667264586306,4.026477423253806,N,Study Planner,Y,3,4,Good,Very Positive
DXB,MGB,Sep-23,Unit 4,Prof_Brown,prof_johnson@spjain.edu,15-May-2023,12,106,143,82.482580382224,21-May-2023,75,96,4.3562618590920135,4.586760030429369,4.5679844395420695,3.603551189815204,N,All Features,N,8,0,Satisfactory,Very Positive
DXB,MGB,Sep-23,Unit 5,Prof_Smith,prof_johnson@spjain.edu,22-Nov-2023,21,90,141,85.31694755783244,19-Nov-2023,85,101,4.755431811027977,4.2735010982792,3.7116025500630383,3.862233718565118,Y,All Features,N,6,3,Good,Neutral
MUM,MGB,Jan-23,Unit 1,Prof_Smith,prof_brown@spjain.edu,4-May-2023,23,85,107,90.78294361767846,24-Mar-2023,82,99,3.945986685096714,4.662696997281567,4.273226312780519,3.9876204152899053,Y,All Features,N,5,0,Satisfactory,Very Positive
MUM,MGB,Jan-23,Unit 2,Prof_Smith,prof_smith@spjain.edu,28-Jun-2023,13,90,147,76.09782366379982,6-Sep-2023,70,101,4.227803638236822,4.854308883907345,3.9550411021525513,4.067066410792354,Y,Quiz Generator,N,6,0,Good,Some Concerns
MUM,MGB,Jan-23,Unit 3,Prof_Jones,prof_brown@spjain.edu,13-Jan-2023,16,93,117,88.8081373840123,26-Feb-2023,96,86,4.539353063952722,4.390577911627709,4.102372332353767,3.775903985206564,Y,Study Planner,N,8,5,Satisfactory,Some Concerns
MUM,MGB,Jan-23,Unit 4,Prof_Jones,prof_brown@spjain.edu,19-Feb-2023,21,102,129,85.43406698341062,27-Nov-2023,79,119,4.267218874470722,4.5393210898886815,4.044504319352268,3.8340018170143066,Y,Quiz Generator,N,2,4,Needs Improvement,Some Concerns
MUM,MGB,Jan-23,Unit 5,Prof_Jones,prof_johnson@spjain.edu,19-Jul-2023,23,91,131,85.88754105146589,23-Nov-2023,71,115,3.716925180975606,4.1177182514542805,3.905808437958643,4.6787792997911675,Y,Study Planner,Y,7,1,Good,Some Concerns
MUM,MGB,May-23,Unit 1,Prof_Jones,prof_jones@spjain.edu,21-Aug-2023,23,111,126,87.75355932114493,15-Aug-2023,70,85,4.235017139018468,4.67546897856267,3.942582456926248,3.545773121601299,Y,Study Planner,Y,7,4,Needs Improvement,Very Positive
MUM,MGB,May-23,Unit 2,Prof_Jones,prof_smith@spjain.edu,9-Sep-2023,21,114,148,71.04026305675583,24-Aug-2023,94,93,4.786708446239688,3.912658082765248,4.613077788196794,4.551883692641141,N,Document Creator,N,4,2,Excellent,Some Concerns
MUM,MGB,May-23,Unit 3,Prof_Smith,prof_johnson@spjain.edu,7-Dec-2023,21,119,140,80.70417653135613,20-Mar-2023,73,93,4.547072641381362,4.427081779285499,4.2855088771074525,4.335600760238439,Y,Study Planner,N,4,4,Satisfactory,Very Positive
MUM,MGB,May-23,Unit 4,Prof_Johnson,prof_brown@spjain.edu,2-May-2023,14,88,115,73.65608608562404,11-Apr-2023,85,111,3.684823122997978,4.495642180707968,4.390594102856872,4.0252412589847175,Y,Document Creator,N,8,5,Satisfactory,Neutral
MUM,MGB,May-23,Unit 5,Prof_Brown,prof_brown@spjain.edu,11-Oct-2023,10,85,146,94.30375729844891,21-Nov-2023,82,84,4.534381304642199,4.23748745500753,4.764941438083405,4.654786706690431,N,Study Planner,N,4,2,Good,Some Concerns
MUM,MGB,Sep-23,Unit 1,Prof_Williams,prof_smith@spjain.edu,2-Feb-2023,24,81,107,93.23582188368805,6-Aug-2023,89,80,4.789389710466871,4.2705792309533805,4.795263475607715,4.773170100038337,N,Quiz Generator,N,1,5,Satisfactory,Neutral
MUM,MGB,Sep-23,Unit 2,Prof_Smith,prof_williams@spjain.edu,22-Nov-2023,15,83,125,85.64010685412386,24-Dec-2023,74,107,4.352130796898595,4.5740678437404485,3.7011949340608963,4.16752939156528,Y,Quiz Generator,N,0,0,Satisfactory,Very Positive
MUM,MGB,Sep-23,Unit 3,Prof_Brown,prof_johnson@spjain.edu,16-Feb-2023,17,104,105,88.26908454409927,4-Feb-2023,80,103,4.645285693474351,3.9508422242179,4.550806532015686,4.5544209213874955,Y,Quiz Generator,Y,8,4,Excellent,Positive
MUM,MGB,Sep-23,Unit 4,Prof_Brown,prof_williams@spjain.edu,24-Apr-2023,14,106,139,87.1641542468935,28-Apr-2023,65,86,3.6820170840485344,3.935472944740439,4.503010063785576,3.9921498965363815,N,Study Planner,Y,3,2,Excellent,Positive
MUM,MGB,Sep-23,Unit 5,Prof_Jones,prof_jones@spjain.edu,20-Dec-2023,19,81,142,91.89567970142687,7-Sep-2023,98,112,3.7452404802456254,4.230926117487969,4.410786752104953,4.597322239406985,Y,All Features,N,1,1,Needs Improvement,Very Positive
SG,GMBA,Jan-23,Unit 1,Prof_Jones,prof_smith@spjain.edu,12-Jun-2023,14,104,136,80.52158835631096,18-Nov-2023,71,110,4.740788879123152,4.647403754147075,3.718358341947942,3.5945455969818743,N,Quiz Generator,Y,0,3,Satisfactory,Some Concerns
SG,GMBA,Jan-23,Unit 2,Prof_Brown,prof_brown@spjain.edu,3-Nov-2023,14,97,105,77.74767214041604,17-Apr-2023,69,114,3.9247753851708094,4.445080879313675,4.539546544238769,4.409775346170947,Y,Study Planner,N,3,0,Good,Very Positive
SG,GMBA,Jan-23,Unit 3,Prof_Brown,prof_smith@spjain.edu,15-Oct-2023,11,99,142,88.54233772643886,24-Mar-2023,67,80,4.420270789253528,4.571649572346253,3.8802158940289484,4.834222682456577,N,Quiz Generator,N,2,5,Satisfactory,Very Positive
SG,GMBA,Jan-23,Unit 4,Prof_Smith,prof_williams@spjain.edu,26-Jul-2023,18,113,104,76.57374127066196,19-Nov-2023,64,111,4.091757110983256,4.196136285073929,4.249571006337522,4.29364057953383,N,Quiz Generator,N,1,4,Excellent,Positive
SG,GMBA,Jan-23,Unit 5,Prof_Jones,prof_smith@spjain.edu,2-Jan-2023,17,82,130,79.09941240828101,5-Mar-2023,62,115,4.54405013239482,4.585422881802413,4.421273623863654,3.814321439344606,Y,All Features,N,4,0,Satisfactory,Very Positive
SG,GMBA,May-23,Unit 1,Prof_Jones,prof_smith@spjain.edu,6-Apr-2023,11,105,104,91.92478095462437,28-May-2023,79,100,3.612301179163298,4.302420793539033,4.105811295067804,3.9082331269184456,N,Quiz Generator,N,5,4,Needs Improvement,Positive
SG,GMBA,May-23,Unit 2,Prof_Jones,prof_johnson@spjain.edu,5-Jan-2023,23,81,114,83.53862999871814,21-Dec-2023,60,101,3.5019006526962513,4.523034235193598,4.633906586556813,4.518101054657362,Y,Quiz Generator,Y,6,3,Excellent,Positive
SG,GMBA,May-23,Unit 3,Prof_Williams,prof_smith@spjain.edu,2-Apr-2023,23,103,129,94.36386975420628,3-Oct-2023,66,112,3.673568005326244,4.701959181083637,3.782313532762865,4.294949019604892,N,Quiz Generator,Y,4,2,Satisfactory,Some Concerns
SG,GMBA,May-23,Unit 4,Prof_Williams,prof_williams@spjain.edu,15-May-2023,17,84,112,73.40279616041798,25-Oct-2023,66,89,3.6373550751334984,4.294523422514354,4.04543661659333,3.669031431900668,N,Quiz Generator,N,4,3,Satisfactory,Very Positive
SG,GMBA,May-23,Unit 5,Prof_Smith,prof_johnson@spjain.edu,26-Nov-2023,19,118,102,75.37551973684221,28-Jun-2023,69,85,4.424504617770645,4.865240004594006,4.1358689089477485,3.5685308646265916,N,Study Planner,Y,0,3,Needs Improvement,Positive
SG,GMBA,Sep-23,Unit 1,Prof_Smith,prof_brown@spjain.edu,4-Mar-2023,13,80,103,90.7593082973659,8-Mar-2023,72,105,3.983911666960797,4.493327303464207,4.409153517279352,4.3152533219796885,N,Document Creator,Y,1,1,Needs Improvement,Positive
SG,GMBA,Sep-23,Unit 2,Prof_Smith,prof_williams@spjain.edu,4-Jan-2023,24,83,110,93.10329313834835,14-Dec-2023,85,111,3.538326980900379,4.551534208426851,3.8900879330138682,3.8006025483580372,Y,Study Planner,N,7,1,Excellent,Positive
SG,GMBA,Sep-23,Unit 3,Prof_Williams,prof_brown@spjain.edu,14-Sep-2023,25,83,105,76.99439968597429,5-Jul-2023,72,113,3.8238920816777697,4.89349600510586,4.298022351222715,3.527341976651289,N,Study Planner,N,8,3,Satisfactory,Neutral
SG,GMBA,Sep-23,Unit 4,Prof_Brown,prof_williams@spjain.edu,6-Jan-2023,20,118,114,70.73258651341587,26-May-2023,63,110,4.188261979555061,4.6435263852953,4.79956632149248,4.863571806426903,Y,Quiz Generator,Y,4,4,Excellent,Positive
SG,GMBA,Sep-23,Unit 5,Prof_Jones,prof_brown@spjain.edu,12-Mar-2023,15,95,137,77.95010920729679,24-Dec-2023,82,117,3.536668540645307,4.570616883686561,4.742314608577017,4.289049081496471,Y,All Features,N,2,3,Excellent,Very Positive
DXB,GMBA,Jan-23,Unit 1,Prof_Smith,prof_johnson@spjain.edu,20-Apr-2023,10,113,130,70.01708740959577,20-Apr-2023,68,101,4.432018922498061,4.810658866037927,4.628712495081416,3.9530243358267723,Y,Quiz Generator,Y,1,4,Satisfactory,Very Positive
DXB,GMBA,Jan-23,Unit 2,Prof_Williams,prof_brown@spjain.edu,19-Feb-2023,20,99,120,73.41129172143725,6-Dec-2023,87,120,4.748860730479359,4.514098292209296,3.891622938051084,4.856240054866435,N,Quiz Generator,Y,6,2,Satisfactory,Positive
DXB,GMBA,Jan-23,Unit 3,Prof_Johnson,prof_smith@spjain.edu,23-Oct-2023,22,116,102,74.55204390033869,11-Oct-2023,74,120,4.235215319956416,4.83035657290968,3.8547077049634253,4.543480659342776,Y,Study Planner,N,2,5,Excellent,Neutral
DXB,GMBA,Jan-23,Unit 4,Prof_Brown,prof_smith@spjain.edu,9-Apr-2023,17,84,122,76.41644853856786,4-Dec-2023,60,83,4.001718227339433,4.6058429439486455,4.766012007616253,4.7383727966221185,N,All Features,N,8,3,Excellent,Some Concerns
DXB,GMBA,Jan-23,Unit 5,Prof_Jones,prof_johnson@spjain.edu,6-Aug-2023,12,82,118,70.50194995826425,9-Feb-2023,64,101,3.721136764096548,4.2130036724879965,4.505183593798448,4.265864762057124,Y,Study Planner,N,0,3,Good,Some Concerns
DXB,GMBA,May-23,Unit 1,Prof_Johnson,prof_smith@spjain.edu,4-Jun-2023,16,92,126,87.42991759518392,24-Dec-2023,94,96,4.358777260526866,4.127140712449723,3.805507513542466,4.050063100460751,N,Quiz Generator,Y,5,0,Needs Improvement,Very Positive
DXB,GMBA,May-23,Unit 2,Prof_Williams,prof_jones@spjain.edu,16-Apr-2023,13,81,113,74.27080479230558,10-Feb-2023,90,87,3.900859420153048,4.237214083358936,4.238006493332723,4.425456076644407,Y,All Features,Y,5,3,Satisfactory,Positive
DXB,GMBA,May-23,Unit 3,Prof_Brown,prof_smith@spjain.edu,9-Aug-2023,24,96,114,90.92696880336143,19-Jan-2023,69,86,3.611419505391892,4.178170525200652,4.295593906606625,4.8589877520430065,Y,Document Creator,N,8,3,Needs Improvement,Positive
DXB,GMBA,May-23,Unit 4,Prof_Brown,prof_williams@spjain.edu,3-Jul-2023,11,112,136,92.5113765367898,26-Oct-2023,99,89,3.6563664371820632,4.632907631203113,3.890166870087144,4.878115186348786,Y,Quiz Generator,Y,0,3,Excellent,Some Concerns
DXB,GMBA,May-23,Unit 5,Prof_Johnson,prof_johnson@spjain.edu,27-Oct-2023,18,100,146,92.85434842246467,3-Feb-2023,84,115,4.016561492664147,4.158739485906709,4.003820901897974,4.141420053571661,Y,All Features,Y,6,1,Good,Very Positive
DXB,GMBA,Sep-23,Unit 1,Prof_Smith,prof_jones@spjain.edu,25-Feb-2023,19,114,122,91.94733906740137,9-Jul-2023,91,116,4.291650797538166,3.8412122375474844,4.002955556238229,3.7013937388773432,N,Document Creator,N,5,5,Good,Very Positive
DXB,GMBA,Sep-23,Unit 2,Prof_Brown,prof_williams@spjain.edu,12-Jan-2023,20,99,119,77.00866632961603,16-Dec-2023,66,94,3.6747011772589726,4.871641367063642,4.187421674664572,4.6561526644916515,N,All Features,Y,3,3,Good,Some Concerns
DXB,GMBA,Sep-23,Unit 3,Prof_Brown,prof_jones@spjain.edu,28-Jun-2023,11,112,150,73.97431106597502,10-Dec-2023,92,105,3.6763447673221776,4.736424875085912,4.667265850495841,3.54052742304826,Y,Quiz Generator,Y,3,0,Needs Improvement,Very Positive
DXB,GMBA,Sep-23,Unit 4,Prof_Williams,prof_johnson@spjain.edu,9-Jun-2023,24,112,125,85.8852452268961,4-Nov-2023,61,95,3.9842067899958993,4.453447952797367,3.895342063580248,4.718673080685848,N,Study Planner,Y,4,5,Excellent,Neutral
DXB,GMBA,Sep-23,Unit 5,Prof_Smith,prof_brown@spjain.edu,2-Mar-2023,16,94,141,75.62780102299438,7-May-2023,86,112,3.526068064749382,4.658334030686708,4.544330001253036,3.512457180498064,Y,Quiz Generator,Y,3,2,Satisfactory,Neutral
MUM,GMBA,Jan-23,Unit 1,Prof_Brown,prof_brown@spjain.edu,28-Jun-2023,24,96,113,81.66745038743039,22-Sep-2023,99,105,4.259833302594764,3.808082329948731,4.799372317854993,4.853079636250418,N,Study Planner,N,1,3,Excellent,Neutral
MUM,GMBA,Jan-23,Unit 2,Prof_Williams,prof_williams@spjain.edu,28-May-2023,18,99,112,73.74823240885391,25-Apr-2023,63,118,4.025327954133521,4.151544312006468,3.8539224594340586,3.535637379568523,N,Study Planner,N,6,3,Needs Improvement,Very Positive
MUM,GMBA,Jan-23,Unit 3,Prof_Jones,prof_jones@spjain.edu,27-Apr-2023,20,94,143,83.36587753860533,26-Aug-2023,82,112,3.890253277115859,3.98698533046769,4.423376153142335,4.281547262173818,N,Document Creator,N,2,5,Satisfactory,Positive
MUM,GMBA,Jan-23,Unit 4,Prof_Williams,prof_smith@spjain.edu,8-Jun-2023,17,99,126,89.70226092018999,11-Jun-2023,76,117,3.8822664581454456,4.736335277032552,4.217590224437748,4.712950717569556,Y,All Features,Y,8,0,Needs Improvement,Neutral
MUM,GMBA,Jan-23,Unit 5,Prof_Brown,prof_smith@spjain.edu,28-Mar-2023,14,92,121,80.22979616880261,19-Aug-2023,69,100,4.62111212633825,3.998392446017528,3.788892613622091,3.965681225683137,Y,Study Planner,Y,0,3,Satisfactory,Positive
MUM,GMBA,May-23,Unit 1,Prof_Johnson,prof_jones@spjain.edu,25-Mar-2023,25,85,108,85.36199346812654,21-Jul-2023,85,107,4.754926192169043,4.221648062058807,3.741497850322432,3.779179951719364,N,Document Creator,N,8,1,Excellent,Very Positive
MUM,GMBA,May-23,Unit 2,Prof_Johnson,prof_johnson@spjain.edu,23-Jun-2023,19,88,106,79.58876190769234,19-May-2023,70,84,4.5709969785767335,4.128022478843553,4.019910570990436,4.518964676025538,N,All Features,Y,5,3,Satisfactory,Positive
MUM,GMBA,May-23,Unit 3,Prof_Johnson,prof_brown@spjain.edu,1-Apr-2023,17,88,113,88.35191548278803,19-Sep-2023,70,87,3.976568886819803,4.515594418133348,3.741099770461855,4.727161792639267,N,Document Creator,Y,1,5,Excellent,Very Positive
MUM,GMBA,May-23,Unit 4,Prof_Smith,prof_brown@spjain.edu,15-Jul-2023,13,115,116,81.85990845819343,5-Apr-2023,100,80,3.8914513911838298,4.527831033699794,4.428731262477786,3.877968009352065,Y,All Features,Y,8,5,Excellent,Neutral
MUM,GMBA,May-23,Unit 5,Prof_Smith,prof_smith@spjain.edu,16-Apr-2023,16,96,133,94.32799305797987,12-Dec-2023,86,98,3.7084856782199993,4.40295264010124,4.701392290208216,4.463485481637523,N,Study Planner,Y,0,0,Excellent,Very Positive
MUM,GMBA,Sep-23,Unit 1,Prof_Jones,prof_brown@spjain.edu,5-Feb-2023,12,86,116,86.10841978921746,15-May-2023,76,109,3.5651042545568314,4.694496255309671,4.661554494078375,4.693148160031393,N,Study Planner,N,1,0,Excellent,Very Positive
MUM,GMBA,Sep-23,Unit 2,Prof_Johnson,prof_johnson@spjain.edu,11-Jun-2023,24,119,117,91.96188843493684,3-Jun-2023,81,91,3.647981599874875,4.2402752485762605,4.202192555360618,4.669991683512939,N,All Features,Y,1,1,Excellent,Positive
MUM,GMBA,Sep-23,Unit 3,Prof_Smith,prof_brown@spjain.edu,19-Aug-2023,24,91,139,79.49376947789719,12-Oct-2023,61,88,4.128003553275148,4.336935054691368,4.6763533208698975,4.116963032367537,Y,Study Planner,N,0,5,Good,Neutral
MUM,GMBA,Sep-23,Unit 4,Prof_Jones,prof_jones@spjain.edu,23-Dec-2023,13,107,142,88.16629921059626,16-Jun-2023,84,89,4.590742927598724,4.414178660372407,4.786570787237625,3.5763925613187464,Y,All Features,N,2,0,Needs Improvement,Neutral
MUM,GMBA,Sep-23,Unit 5,Prof_Johnson,prof_williams@spjain.edu,9-Jan-2023,17,115,141,79.46593981297258,27-Apr-2023,65,109,4.077445539397297,4.430338423646305,3.7968218478727946,4.197838604643161,N,Document Creator,N,0,0,Needs Improvement,Some Concerns
SG,MGB,Jan-24,Unit 1,Prof_Smith,prof_jones@spjain.edu,18-Jan-2024,12,118,139,85.93845306049994,17-Sep-2024,73,109,4.735461668991375,4.199676725326792,3.7597027346361247,3.8120853601548403,N,Study Planner,N,5,5,Needs Improvement,Very Positive
SG,MGB,Jan-24,Unit 2,Prof_Smith,prof_johnson@spjain.edu,1-Jun-2024,21,120,118,83.69226454235336,12-Dec-2024,66,82,4.665940254281476,4.341664356399283,4.604022525910599,4.5395152465267685,N,Document Creator,N,3,1,Excellent,Some Concerns
SG,MGB,Jan-24,Unit 3,Prof_Johnson,prof_brown@spjain.edu,27-Apr-2024,20,86,148,80.36175862820826,21-Nov-2024,97,87,4.5037887257283975,4.295555056654861,4.424302364500223,4.838666450276052,Y,All Features,Y,8,5,Excellent,Some Concerns
SG,MGB,Jan-24,Unit 4,Prof_Jones,prof_brown@spjain.edu,17-Mar-2024,15,88,106,79.68513948051665,20-Oct-2024,80,112,4.645807737112502,4.2605312204171035,4.369893062915662,4.469521749521229,Y,Study Planner,N,5,2,Needs Improvement,Positive
SG,MGB,Jan-24,Unit 5,Prof_Johnson,prof_brown@spjain.edu,20-Dec-2024,19,115,120,87.79685890987862,18-Nov-2024,73,92,3.7726265051321524,4.585822989192884,4.45527242705094,4.789668470183933,Y,Quiz Generator,N,1,2,Needs Improvement,Some Concerns
SG,MGB,May-24,Unit 1,Prof_Jones,prof_williams@spjain.edu,28-Jul-2024,10,113,106,70.6318035313618,5-Jan-2024,63,92,3.847071750277583,4.664085411854304,4.781885632986405,4.456746460130702,Y,Document Creator,N,3,4,Excellent,Neutral
SG,MGB,May-24,Unit 2,Prof_Brown,prof_smith@spjain.edu,20-Nov-2024,17,115,124,75.93988681415512,26-Dec-2024,78,83,4.704430254519413,4.226310113506189,4.752372167013009,4.866151810878577,N,Document Creator,Y,4,1,Needs Improvement,Positive
SG,MGB,May-24,Unit 3,Prof_Williams,prof_jones@spjain.edu,18-Dec-2024,16,92,118,81.2203730600748,22-Feb-2024,71,91,4.455603331834085,3.931289192400262,3.744697656269063,3.890757144832895,N,Quiz Generator,Y,4,0,Satisfactory,Some Concerns
SG,MGB,May-24,Unit 4,Prof_Johnson,prof_smith@spjain.edu,5-Jun-2024,11,120,139,91.07849952986281,10-Aug-2024,96,115,3.965511264612861,4.662434593427552,4.049644905909409,3.8079468215985806,Y,Document Creator,Y,6,4,Needs Improvement,Very Positive
SG,MGB,May-24,Unit 5,Prof_Williams,prof_johnson@spjain.edu,7-Nov-2024,20,101,123,77.3393589292551,25-Oct-2024,93,110,4.79562040738564,4.706057241017723,4.779246517376826,3.512325174813052,N,All Features,Y,3,0,Satisfactory,Some Concerns
SG,MGB,Sep-24,Unit 1,Prof_Smith,prof_brown@spjain.edu,9-Sep-2024,19,81,133,90.55272660599915,12-Sep-2024,92,108,4.132846121914738,4.126077366531713,4.416681015579131,3.9484378600079757,Y,Document Creator,Y,8,4,Excellent,Very Positive
SG,MGB,Sep-24,Unit 2,Prof_Johnson,prof_johnson@spjain.edu,28-Nov-2024,23,86,113,83.44385535060403,23-Dec-2024,87,84,4.470958073376541,3.96913003493941,4.205147758786046,3.964401525654203,Y,Document Creator,Y,2,2,Excellent,Positive
SG,MGB,Sep-24,Unit 3,Prof_Williams,prof_brown@spjain.edu,13-Aug-2024,22,107,120,70.42227420760354,22-Feb-2024,94,80,4.333849570426131,4.480184294801663,4.531556656364695,4.319851218638745,Y,Study Planner,Y,4,5,Satisfactory,Very Positive
SG,MGB,Sep-24,Unit 4,Prof_Williams,prof_brown@spjain.edu,13-Jul-2024,10,110,110,83.33669409525874,5-Dec-2024,85,114,3.8834720101071487,4.497450235921764,4.027862153537705,4.741769366561148,N,Document Creator,Y,1,0,Excellent,Some Concerns
SG,MGB,Sep-24,Unit 5,Prof_Jones,prof_jones@spjain.edu,3-May-2024,16,102,113,80.3163624006562,21-Sep-2024,69,90,3.739190539620998,4.478573415564173,3.978015955640069,3.660471558972457,Y,All Features,Y,4,5,Excellent,Neutral
DXB,MGB,Jan-24,Unit 1,Prof_Smith,prof_johnson@spjain.edu,24-Oct-2024,25,101,122,73.20537866489879,21-Apr-2024,66,98,4.305370510300633,4.790130449927214,4.049564530957098,4.130904369500909,N,Quiz Generator,N,5,3,Good,Very Positive
DXB,MGB,Jan-24,Unit 2,Prof_Williams,prof_johnson@spjain.edu,26-Apr-2024,23,97,123,73.35764580957222,24-Jun-2024,90,109,4.078965365636081,4.652243657678508,4.235668520680361,3.6523656908130513,Y,Study Planner,Y,8,1,Satisfactory,Very Positive
DXB,MGB,Jan-24,Unit 3,Prof_Smith,prof_smith@spjain.edu,28-Sep-2024,10,117,137,80.12836168877786,19-Apr-2024,62,115,3.8388012178727244,4.783384528000661,4.293644828493255,4.415471394995422,Y,Study Planner,N,3,4,Satisfactory,Positive
DXB,MGB,Jan-24,Unit 4,Prof_Brown,prof_jones@spjain.edu,17-Feb-2024,22,103,132,70.26479208146752,8-Oct-2024,70,112,3.6824819004542126,3.975144659705905,4.322992980059855,4.292137546264966,Y,All Features,N,0,1,Needs Improvement,Positive
DXB,MGB,Jan-24,Unit 5,Prof_Smith,prof_williams@spjain.edu,12-Apr-2024,11,93,133,92.69315231432401,12-Jul-2024,90,109,4.646017575713759,3.843895168443387,4.4133772235846385,3.6445150180550723,N,Study Planner,Y,6,5,Needs Improvement,Neutral
DXB,MGB,May-24,Unit 1,Prof_Jones,prof_smith@spjain.edu,17-May-2024,22,94,133,80.14605506377258,27-Jun-2024,91,110,4.653323526572244,3.807257455229913,4.670237667507418,4.115858181058229,Y,Document Creator,N,3,1,Good,Positive
DXB,MGB,May-24,Unit 2,Prof_Williams,prof_jones@spjain.edu,23-Feb-2024,17,106,121,88.00639147187373,16-Nov-2024,90,110,3.7739151363672923,3.977370885848888,4.616701496034779,3.5314244534160077,Y,Quiz Generator,Y,2,5,Excellent,Positive
DXB,MGB,May-24,Unit 3,Prof_Smith,prof_johnson@spjain.edu,9-Mar-2024,22,118,136,85.94056766827032,24-Dec-2024,78,85,3.7815714432594505,4.4671784877185035,4.218554800406341,4.174335758677077,Y,All Features,Y,2,4,Satisfactory,Positive
DXB,MGB,May-24,Unit 4,Prof_Williams,prof_brown@spjain.edu,20-Oct-2024,12,94,124,79.6365470685462,4-Jan-2024,72,113,4.617469199613787,4.354795478677784,4.1617745139387665,3.7093856710770385,Y,Quiz Generator,N,0,4,Excellent,Very Positive
DXB,MGB,May-24,Unit 5,Prof_Brown,prof_johnson@spjain.edu,20-Sep-2024,10,107,133,80.5171005000132,28-Jan-2024,93,107,3.798332133292765,4.682530215608596,4.56851114366605,4.033731094678677,Y,All Features,Y,4,3,Good,Very Positive
DXB,MGB,Sep-24,Unit 1,Prof_Williams,prof_jones@spjain.edu,18-Jul-2024,18,92,100,87.72872093015269,26-Jan-2024,96,113,3.653177185175496,3.8079134576956393,4.420000732883517,4.4628734314888865,N,All Features,N,1,1,Needs Improvement,Neutral
DXB,MGB,Sep-24,Unit 2,Prof_Williams,prof_jones@spjain.edu,14-Oct-2024,21,119,117,94.79496685426788,13-Apr-2024,86,115,4.518924942052599,4.330714532707569,4.107234265767062,4.27687589881766,N,Study Planner,N,6,5,Good,Very Positive
DXB,MGB,Sep-24,Unit 3,Prof_Johnson,prof_brown@spjain.edu,26-Dec-2024,15,86,113,82.70858857791143,26-Jun-2024,95,119,4.406174631341798,4.577468926886157,3.876811810046539,4.850398351924325,Y,Document Creator,Y,7,4,Needs Improvement,Very Positive
DXB,MGB,Sep-24,Unit 4,Prof_Smith,prof_williams@spjain.edu,8-Jun-2024,12,118,102,88.11236783570163,13-Oct-2024,93,98,4.425087581221676,4.457219820195506,4.7402874436301685,4.648320228199509,N,All Features,Y,3,5,Satisfactory,Positive
DXB,MGB,Sep-24,Unit 5,Prof_Smith,prof_jones@spjain.edu,17-Sep-2024,17,119,110,86.85060952530449,12-Apr-2024,60,90,3.612895656346249,4.103530557138027,4.139377058956328,4.437526864954832,N,Quiz Generator,Y,1,0,Satisfactory,Neutral
MUM,MGB,Jan-24,Unit 1,Prof_Williams,prof_williams@spjain.edu,8-Oct-2024,16,109,125,84.37266804364536,9-Mar-2024,86,112,3.6384044433103497,3.8796245675793744,4.023677006914932,4.825821651248728,N,Study Planner,N,6,4,Needs Improvement,Positive
MUM,MGB,Jan-24,Unit 2,Prof_Williams,prof_brown@spjain.edu,22-Aug-2024,10,110,107,76.44549412048501,13-Nov-2024,74,94,4.540209812003746,4.253668569408284,4.088405892015656,4.249912670356128,N,Quiz Generator,N,1,3,Satisfactory,Very Positive
MUM,MGB,Jan-24,Unit 3,Prof_Jones,prof_johnson@spjain.edu,16-Jun-2024,21,93,136,76.72689456171997,24-Nov-2024,72,111,4.458245922323812,4.058347509123176,3.96626216962946,3.8715675226560986,Y,Quiz Generator,Y,5,1,Excellent,Very Positive
MUM,MGB,Jan-24,Unit 4,Prof_Smith,prof_brown@spjain.edu,20-Jan-2024,11,110,123,85.51668687079416,16-Oct-2024,77,111,3.7377334220686036,4.64068855797952,4.262246999206344,4.057031297020092,Y,Document Creator,N,7,4,Excellent,Neutral
MUM,MGB,Jan-24,Unit 5,Prof_Brown,prof_johnson@spjain.edu,15-Feb-2024,24,100,144,70.21046512049064,22-Apr-2024,84,117,3.630972173981868,4.197762558415948,4.648026225609115,3.7620134187339898,N,Quiz Generator,N,7,4,Satisfactory,Neutral
MUM,MGB,May-24,Unit 1,Prof_Johnson,prof_brown@spjain.edu,14-Apr-2024,23,103,123,91.35815218102049,9-Aug-2024,71,116,3.670480916448341,4.433482002128758,3.9514234244496356,3.6398176372732345,N,Quiz Generator,N,6,1,Good,Positive
MUM,MGB,May-24,Unit 2,Prof_Brown,prof_smith@spjain.edu,6-Jul-2024,25,88,140,82.92517437301251,24-Jun-2024,91,99,3.826266243538111,4.744352180694178,3.752480234490649,3.638564719012085,Y,Document Creator,Y,4,3,Excellent,Some Concerns
MUM,MGB,May-24,Unit 3,Prof_Williams,prof_williams@spjain.edu,12-Jun-2024,18,102,101,80.29402261995477,12-Nov-2024,98,92,4.2499098833550715,4.51485203142497,4.292282079845613,4.8711223862501445,N,Study Planner,N,8,3,Needs Improvement,Very Positive
MUM,MGB,May-24,Unit 4,Prof_Brown,prof_jones@spjain.edu,10-Aug-2024,14,90,140,90.19292859892671,11-Jul-2024,100,119,4.2431288460359315,4.733790849132689,3.778478485994213,3.7267992845257796,Y,Study Planner,N,4,5,Satisfactory,Some Concerns
MUM,MGB,May-24,Unit 5,Prof_Williams,prof_brown@spjain.edu,25-Jun-2024,24,106,110,74.5971549775846,1-Mar-2024,75,96,4.722568538539394,4.570766621267153,3.788071211663102,3.7336746510555137,Y,Document Creator,Y,7,4,Excellent,Very Positive
MUM,MGB,Sep-24,Unit 1,Prof_Brown,prof_jones@spjain.edu,25-Feb-2024,13,96,139,73.88185905000405,21-Jul-2024,79,94,3.8216154751097497,4.112592808063898,4.389128753088809,3.6837879548776096,Y,Document Creator,Y,5,2,Needs Improvement,Some Concerns
MUM,MGB,Sep-24,Unit 2,Prof_Jones,prof_williams@spjain.edu,18-Aug-2024,14,114,111,84.77077316447799,15-Nov-2024,100,116,4.065470582846535,4.503765159871288,4.2871625441359535,4.772492412373689,N,Quiz Generator,Y,7,2,Satisfactory,Some Concerns
MUM,MGB,Sep-24,Unit 3,Prof_Williams,prof_johnson@spjain.edu,10-Jan-2024,10,113,148,91.19866220956676,12-May-2024,90,114,3.5108122437752853,4.814297235318459,4.741653263054936,4.16789389863204,Y,All Features,N,3,0,Satisfactory,Positive
MUM,MGB,Sep-24,Unit 4,Prof_Brown,prof_jones@spjain.edu,14-Jul-2024,17,90,145,88.42794635258443,13-Jul-2024,74,96,3.602972653127545,4.487855315681681,4.268271068043948,4.61994269843352,N,Study Planner,N,6,1,Excellent,Positive
MUM,MGB,Sep-24,Unit 5,Prof_Johnson,prof_williams@spjain.edu,4-Nov-2024,24,119,128,76.8033532612906,20-Aug-2024,72,100,3.525214016421095,3.8545952794454084,4.288467828365743,3.760312637398136,Y,Study Planner,N,2,5,Needs Improvement,Very Positive
SG,GMBA,Jan-24,Unit 1,Prof_Johnson,prof_smith@spjain.edu,5-Jan-2024,25,93,121,80.50607567868693,26-Aug-2024,83,109,4.406015243596227,3.8349108335619677,3.7882454069547427,4.550797414275271,Y,Document Creator,N,6,0,Needs Improvement,Positive
SG,GMBA,Jan-24,Unit 2,Prof_Johnson,prof_williams@spjain.edu,27-Jul-2024,10,87,149,87.86706303226993,13-Aug-2024,75,82,3.7589338391951097,4.608855057121035,3.80335633436779,4.432411037198918,Y,All Features,N,4,2,Good,Very Positive
SG,GMBA,Jan-24,Unit 3,Prof_Jones,prof_jones@spjain.edu,4-May-2024,25,120,119,74.96809079506,2-Nov-2024,73,87,3.8067555891184632,4.27757781562928,3.716574475795749,4.612146556277127,Y,All Features,Y,0,0,Needs Improvement,Positive
SG,GMBA,Jan-24,Unit 4,Prof_Williams,prof_smith@spjain.edu,8-Mar-2024,25,85,143,85.46612146094853,25-Nov-2024,63,83,3.9621729779090535,3.9693102789779076,4.2899886583582525,3.650348318935621,N,Quiz Generator,N,8,5,Satisfactory,Some Concerns
SG,GMBA,Jan-24,Unit 5,Prof_Johnson,prof_smith@spjain.edu,23-Jul-2024,21,88,116,92.46657610675106,16-Dec-2024,88,115,3.883128975373166,4.566741552495221,3.9087534198416165,3.7612774205287454,N,Study Planner,N,4,4,Good,Very Positive
SG,GMBA,May-24,Unit 1,Prof_Jones,prof_johnson@spjain.edu,15-May-2024,18,114,123,81.35197449488935,25-Nov-2024,92,104,4.453755063870508,4.771225609783768,4.381708067227246,4.009705275941068,Y,Study Planner,Y,8,3,Good,Some Concerns
SG,GMBA,May-24,Unit 2,Prof_Jones,prof_johnson@spjain.edu,20-May-2024,20,106,141,78.05060139120819,4-Sep-2024,64,82,4.585751365267779,3.9427516929544706,4.660842055338629,3.782910640164295,N,Quiz Generator,Y,0,4,Needs Improvement,Some Concerns
SG,GMBA,May-24,Unit 3,Prof_Jones,prof_jones@spjain.edu,23-Oct-2024,18,83,123,75.51806960365802,23-Feb-2024,60,93,4.35247417046746,4.821244091382206,4.615285467266682,4.155282800804287,Y,Study Planner,N,5,5,Excellent,Neutral
SG,GMBA,May-24,Unit 4,Prof_Jones,prof_smith@spjain.edu,24-Feb-2024,19,84,113,94.01466863592812,4-Feb-2024,74,114,4.000930414693792,4.012431392660821,4.422564165097768,4.29803873654794,Y,All Features,Y,5,5,Needs Improvement,Some Concerns
SG,GMBA,May-24,Unit 5,Prof_Smith,prof_johnson@spjain.edu,26-Mar-2024,22,112,121,86.43829702551969,18-Oct-2024,88,102,4.673230461848538,4.405089476634632,4.7965353455924955,4.682795620861704,N,All Features,N,3,4,Good,Some Concerns
SG,GMBA,Sep-24,Unit 1,Prof_Jones,prof_williams@spjain.edu,12-Aug-2024,24,105,100,88.1578319584323,10-Oct-2024,61,113,3.675611422147122,4.779357013344957,3.7072257118699503,4.878152195443522,Y,Study Planner,Y,4,4,Good,Very Positive
SG,GMBA,Sep-24,Unit 2,Prof_Smith,prof_brown@spjain.edu,12-Mar-2024,14,96,123,92.2406338122032,8-Apr-2024,76,99,3.6194766576709845,4.239778073325541,4.709669983678914,4.527972335428612,N,All Features,Y,7,5,Excellent,Neutral
SG,GMBA,Sep-24,Unit 3,Prof_Smith,prof_jones@spjain.edu,13-Feb-2024,11,101,122,91.99481256625461,14-Jul-2024,67,94,4.471982254450119,4.734425984043865,4.721518482361569,4.387441944244401,N,Document Creator,N,8,0,Satisfactory,Positive
SG,GMBA,Sep-24,Unit 4,Prof_Williams,prof_jones@spjain.edu,23-Apr-2024,14,83,143,88.28946433912353,13-Aug-2024,98,116,4.156148149945645,4.044294190966555,4.018761332072356,4.052051365429293,Y,Study Planner,Y,7,4,Excellent,Some Concerns
SG,GMBA,Sep-24,Unit 5,Prof_Williams,prof_smith@spjain.edu,13-Sep-2024,23,88,148,73.37176909314887,18-Apr-2024,91,105,4.347922970672919,4.015709230432543,4.377596521353622,4.529934855803452,Y,Quiz Generator,Y,4,3,Satisfactory,Very Positive
DXB,GMBA,Jan-24,Unit 1,Prof_Smith,prof_brown@spjain.edu,14-Jun-2024,21,92,120,78.61312273775732,21-Jan-2024,79,90,4.783947492052848,4.477843093899954,4.789175100498465,4.119094147327952,Y,All Features,Y,3,1,Satisfactory,Positive
DXB,GMBA,Jan-24,Unit 2,Prof_Smith,prof_smith@spjain.edu,24-Jan-2024,17,119,109,91.71880879112422,27-May-2024,60,101,4.401933792572953,3.9224057915481167,4.19506772770218,3.5318473612116827,Y,Quiz Generator,Y,8,4,Satisfactory,Some Concerns
DXB,GMBA,Jan-24,Unit 3,Prof_Jones,prof_johnson@spjain.edu,23-Dec-2024,10,104,137,92.65100715002573,17-Jan-2024,76,90,3.5781430644483687,4.020765662700738,4.466179357318292,3.8797940319353295,N,Document Creator,Y,6,5,Satisfactory,Neutral
DXB,GMBA,Jan-24,Unit 4,Prof_Smith,prof_smith@spjain.edu,10-Nov-2024,22,94,124,82.71350830357744,23-Feb-2024,80,111,4.626804569186556,4.384716709679535,3.905059126159271,4.200911152016431,N,Document Creator,Y,3,4,Satisfactory,Neutral
DXB,GMBA,Jan-24,Unit 5,Prof_Brown,prof_brown@spjain.edu,24-Mar-2024,10,102,143,78.79782705667952,21-May-2024,75,112,3.858641762699639,3.8682106665400533,3.983447301138528,4.042038825501225,Y,Study Planner,Y,2,2,Needs Improvement,Positive
DXB,GMBA,May-24,Unit 1,Prof_Smith,prof_brown@spjain.edu,17-Nov-2024,17,106,115,84.32246382399447,14-May-2024,98,101,4.083919940925418,3.9449493454950524,4.417719910684482,4.3134429809294295,Y,Quiz Generator,N,8,1,Needs Improvement,Positive
DXB,GMBA,May-24,Unit 2,Prof_Jones,prof_johnson@spjain.edu,11-Feb-2024,13,91,120,90.98806274675543,5-Dec-2024,61,100,4.644171470141149,4.255444170961646,4.152376939607285,4.120206281869513,N,Quiz Generator,Y,1,1,Good,Very Positive
DXB,GMBA,May-24,Unit 3,Prof_Jones,prof_jones@spjain.edu,9-Oct-2024,17,118,114,75.77280943978165,1-Jun-2024,65,110,3.6743126157896366,4.730752059557907,4.215639848137059,4.409395974304848,Y,All Features,N,7,1,Good,Positive
DXB,GMBA,May-24,Unit 4,Prof_Johnson,prof_smith@spjain.edu,14-Jan-2024,18,106,114,88.5591665415725,7-Apr-2024,64,91,4.705234168031132,4.884190403545006,4.653841902902464,4.185920057915209,N,All Features,Y,6,3,Excellent,Some Concerns
DXB,GMBA,May-24,Unit 5,Prof_Williams,prof_brown@spjain.edu,20-Dec-2024,11,113,106,81.29023981409155,27-Jan-2024,75,113,4.199229886489321,4.88221370807802,3.7431767844667365,4.042356992681156,Y,Quiz Generator,N,7,3,Satisfactory,Neutral
DXB,GMBA,Sep-24,Unit 1,Prof_Brown,prof_johnson@spjain.edu,14-May-2024,11,113,109,81.58947382679088,21-Aug-2024,65,112,3.6471230621166737,4.656604256063644,4.731626703469163,4.474559798575714,Y,All Features,N,5,3,Excellent,Positive
DXB,GMBA,Sep-24,Unit 2,Prof_Brown,prof_jones@spjain.edu,23-Apr-2024,24,85,116,78.10186950335603,21-Dec-2024,70,87,3.6185486126572965,4.576849380838411,4.397479660058303,3.6194291616480365,N,Quiz Generator,N,8,3,Excellent,Positive
DXB,GMBA,Sep-24,Unit 3,Prof_Williams,prof_jones@spjain.edu,28-Nov-2024,14,90,109,74.47166911683172,23-Jan-2024,86,99,3.9023737970680763,4.645493464597037,4.19088405756398,4.377033989526141,Y,Quiz Generator,Y,0,4,Satisfactory,Very Positive
DXB,GMBA,Sep-24,Unit 4,Prof_Brown,prof_brown@spjain.edu,28-Aug-2024,10,118,131,75.94695885048692,19-Nov-2024,90,109,4.033196775424763,3.8873454091052575,4.360112314725148,3.8425984400140867,N,Quiz Generator,Y,2,1,Excellent,Neutral
DXB,GMBA,Sep-24,Unit 5,Prof_Smith,prof_johnson@spjain.edu,28-Jan-2024,19,101,105,71.22578406871997,14-Mar-2024,70,98,4.29441668286325,4.560664979888734,4.354465884935191,4.602230611347021,Y,All Features,N,0,0,Satisfactory,Neutral
MUM,GMBA,Jan-24,Unit 1,Prof_Williams,prof_brown@spjain.edu,27-Feb-2024,23,115,104,77.32081783391848,5-Feb-2024,77,101,4.185168553426007,4.377110830179079,4.4654124470796885,4.356875242899793,Y,Document Creator,N,4,3,Satisfactory,Neutral
MUM,GMBA,Jan-24,Unit 2,Prof_Jones,prof_jones@spjain.edu,20-Jun-2024,14,119,136,82.40992313617949,24-Nov-2024,91,111,4.550374467923339,4.7720300493415175,3.955993803437395,3.9066832897883708,Y,Document Creator,Y,0,3,Excellent,Positive
MUM,GMBA,Jan-24,Unit 3,Prof_Jones,prof_brown@spjain.edu,14-Jan-2024,20,102,135,90.1510879467248,7-Jan-2024,100,92,4.397022180006763,4.079859274396412,3.774619669754429,3.9203975924057177,N,Document Creator,Y,5,2,Needs Improvement,Very Positive
MUM,GMBA,Jan-24,Unit 4,Prof_Johnson,prof_johnson@spjain.edu,11-Jun-2024,25,110,102,86.14130551661437,16-Mar-2024,100,109,4.659675824826893,4.390664299469601,4.068620619987824,4.5975846464919545,N,Document Creator,N,5,4,Excellent,Positive
MUM,GMBA,Jan-24,Unit 5,Prof_Jones,prof_williams@spjain.edu,26-Jun-2024,12,89,117,91.0184788389454,11-Jul-2024,100,114,4.595127507416608,4.42807980527176,4.128522901282585,4.333268613842,N,Study Planner,Y,4,3,Excellent,Some Concerns
MUM,GMBA,May-24,Unit 1,Prof_Johnson,prof_williams@spjain.edu,15-May-2024,16,113,119,74.37531864498393,12-Jan-2024,72,85,4.076906320883282,3.8274282520929557,4.230929510261501,4.200076031801916,Y,Study Planner,N,8,2,Satisfactory,Positive
MUM,GMBA,May-24,Unit 2,Prof_Smith,prof_jones@spjain.edu,22-Mar-2024,16,82,129,79.68970539303075,28-Sep-2024,67,80,3.9042757132056245,3.84843296003161,4.6329364266523445,4.720625130250352,N,All Features,Y,1,4,Satisfactory,Very Positive
MUM,GMBA,May-24,Unit 3,Prof_Jones,prof_williams@spjain.edu,21-Apr-2024,20,92,112,77.1641844281274,18-Jun-2024,88,87,3.8544504686751733,3.9732456162646455,3.825906433290112,4.841617276311837,Y,Quiz Generator,N,8,2,Satisfactory,Positive
MUM,GMBA,May-24,Unit 4,Prof_Williams,prof_jones@spjain.edu,8-Mar-2024,12,99,139,92.306077617917,18-Aug-2024,63,88,3.537690492063435,4.793621648423713,3.7555016116538615,4.037039495075642,Y,All Features,N,2,5,Needs Improvement,Neutral
MUM,GMBA,May-24,Unit 5,Prof_Williams,prof_williams@spjain.edu,27-Apr-2024,12,109,136,73.29488200934905,27-Dec-2024,89,86,4.0922594219707635,4.552925772285912,4.481237492286733,4.151555189928146,Y,Quiz Generator,Y,4,2,Needs Improvement,Positive
MUM,GMBA,Sep-24,Unit 1,Prof_Williams,prof_williams@spjain.edu,15-Aug-2024,10,84,130,72.8221764325054,16-Aug-2024,70,98,4.498323969194294,4.464884254575864,3.8401334021892,3.6441050944325357,Y,Study Planner,Y,4,4,Needs Improvement,Some Concerns
MUM,GMBA,Sep-24,Unit 2,Prof_Jones,prof_brown@spjain.edu,8-Oct-2024,17,115,110,94.34729328050737,13-Feb-2024,81,93,4.558090416358991,4.450067218946392,4.562745374278916,4.1094951912320825,N,Quiz Generator,Y,1,5,Needs Improvement,Very Positive
MUM,GMBA,Sep-24,Unit 3,Prof_Jones,prof_jones@spjain.edu,15-Jun-2024,13,108,111,77.70089308840846,13-Feb-2024,98,86,4.391161286520114,4.456045956525785,4.601852301633373,3.958371540099481,Y,Document Creator,Y,2,4,Excellent,Positive
MUM,GMBA,Sep-24,Unit 4,Prof_Johnson,prof_brown@spjain.edu,18-May-2024,22,119,136,81.17899421521771,7-Nov-2024,80,99,4.2413593302119565,4.804524691756925,4.035005146342157,4.8206666164945595,N,Study Planner,Y,0,4,Needs Improvement,Positive
MUM,GMBA,Sep-24,Unit 5,Prof_Williams,prof_smith@spjain.edu,12-Sep-2024,11,80,145,84.00075644641244,12-Feb-2024,78,81,3.8058135216029743,4.572444070497008,4.133695156035839,3.9453782334661716,N,All Features,N,6,4,Good,Positive
